index,en,citations,link,abstract,wos
1461,False,150,"<a href=""https://www.webofscience.com/wos/woscc/full-record/WOS:000494151300001"" rel=""noopener noreferrer"" target=""_blank"">link</a>","This article calls for a stronger engagement by geographers with the concept of socionature as a vehicle for guiding adaptation thinking in development planning. Drawing on literatures from poststructuralist geographies, it argues for a relational, hybrid ontology of climate change adaptation grounded in multiple perspectives, knowledges, and more-than-human relations. Going beyond this stance, a framework based on the idea of planning with climate change is proposed for a revised approach to adaptation that calls for more-than-social planning practices embedded in radically more integrative planning processes and the redistribution of power across the climate and planning systems. The article ends by highlighting some of the key challenges that such a project faces for scholars working in the field of planning and development research. Key Words: climate change adaptation, development, human geography, planning, poststructuralist theory.?????????????????????????????????????????????????????????????????????????????????????????????????????????????????????????????????????????????????????????????????????????????????????????????????????????????????????????????????????????????????????????????????????Este art?culo clama por un compromiso m?s fuerte de los ge?grafos con el concepto de socionaturaleza, como veh?culo que gu?e el pensamiento de adaptaci?n en la planificaci?n del desarrollo. Bas?ndome en las literaturas de las geograf?as posestructuralistas, arguyo en pro de una ontolog?a relacional e h?brida de la adaptaci?n al cambio clim?tico con el apoyo de m?ltiples perspectivas, conocimientos y relaciones que trascienden lo humano. Yendo m?s all? de esta instancia, se propone un marco basado en la idea de planificar con cambio clim?tico, a manera de un enfoque revisado de la adaptaci?n que demanda pr?cticas de planificaci?n m?s all? de lo social, incrustadas en procesos de planificaci?n radicalmente m?s integrativos y en la redistribuci?n de poder por encima de los sistemas del clima y la planificaci?n. El art?culo termina destacando algunos de los retos claves que enfrenta tal proyecto para eruditos que trabajan en el campo de la planificaci?n y la investigaci?n del desarrollo. Palabras clave: adaptaci?n al cambio clim?tico, desarrollo, geograf?a humana, planificaci?n, teor?a posestructuralista.",WOS:000494151300001
1815,False,44,"<a href=""https://www.webofscience.com/wos/woscc/full-record/WOS:000357190100007"" rel=""noopener noreferrer"" target=""_blank"">link</a>","Climate change is contributing to the severity and rate of stream degradation by changing the timing of peak flows, altering flow regimes, creating more frequent and intense disturbances, and increasing stream temperatures. Herein we describe three case studies of trout stream adaptation that address existing and climate-driven causes of degradation through habitat restoration. The case studies vary in geography and complexity, but all include restoration efforts intended to address multiple causes of stream degradation and improve the resilience of these streams to floods, droughts, and wildfires. Four elements of successful climate adaptation projects emerge: (1) habitat assessments that help drive project location and design, (2) projects that directly address climate change impacts and increase habitat resilience, (3) projects that combine to achieve watershed-scale impacts, and (4) projects that include sufficient monitoring to determine their effectiveness. We describe solutions to common challenges in conducting climate change adaptation, including how to balance scientific assessments with opportunities when choosing projects, how smaller projects can be aggregated to achieve watershed-scale benefits, and how citizen science efforts can augment monitoring programs. El cambio climatico esta contribuyendo a incrementar la severidad y la tasa de degradacion de los rios a traves de la alteracion en la estacionalidad del flujo maximo, modificacion del regimen de flujos, generacion de perturbaciones mas frecuentes e intensas e incremento de la temperatura de los rios. Aqui se describen tres casos de estudio de la adaptacion de rios en donde habita la trucha, en los que se abordan las causas de la degradacion que son provocadas por el cambio climatico, mediante la restauracion del habitat. Los casos de estudio varian en cuanto a ubicacion geografica y complejidad, pero en todos se contemplan esfuerzos de restauracion enfocados a abordar multiples causas de degradacion de rios y mejoramiento de la resiliencia de estos ante inundaciones, sequias e incendios naturales. Se consideraron cuatro elementos para lograr una adaptacion exitosa al cambio climatico: 1) evaluaciones del habitat que ayuden a disenar y establecer donde llevar a cabo los proyectos; 2) proyectos que aborden directamente los impactos del cambio climatico y el incremento en la resiliencia del habitat; 3) proyectos que, al combinarse, logren resultados a nivel de cuenca hidrologica; y 4) proyectos que incluyan un monitoreo suficiente como para que se pueda determinar su efectividad. Tambien se describen soluciones a los clasicos retos que implica la adaptacion al cambio climatico, incluyendo como encontrar un balance entre evaluaciones cientificas y eleccion de proyectos, como se pueden integrar varios proyectos pequenos para conseguir beneficios a escala de cuenca y como se puede incrementar el monitoreo mediante esfuerzos ciudadanos.",WOS:000357190100007
3055,False,5,"<a href=""https://www.webofscience.com/wos/woscc/full-record/WOS:000374692600006"" rel=""noopener noreferrer"" target=""_blank"">link</a>","The 22nd International Congress on Irrigation and Drainage with the main theme 'Securing Water for Food and Rural Community under Climate Change' was held in September 2014 in Gwangju, Korea. Under this theme, Congress Question 58 'How do Irrigation and Drainage Play an Important Role in Climate Change Adaptation?' was raised. This paper summarizes the discussions and results of 48 papers and 27 posters accepted under this question. This overview confirms the role of irrigation and drainage management as intervention to mitigate the impacts of climate change, and consequent extreme climate events have to be factored into all decision-making processes. It also highlights that particular attention should be paid to the uncertainty in climate change assessment and that the assessment is expected to be more dependable with the development of better analysis methods and a greater availability of reliable climate data and future scenarios. At this stage, it is very hard to do an integrated impact assessment, which covers the whole agricultural and hydrological process, including all scales and aspects such as on-farm to basin, crop growth to farming system, production to environment, etc. Therefore, each sub-process is to be evaluated and accumulation of its outcomes and cases promoted. Copyright (c) 2016 John Wiley & Sons, Ltd. Resume Le 22(eme) Congres international des irrigations et du drainage dont le theme principal etait Garantir l'eau pour l'alimentation et communaute rurale dans le contexte du changement climatique' a eu lieu en septembre 2014 a Gwangju, en Coree. Sous ce theme, la question 58s'intitulait Comment est-ce que l'irrigation et le drainage jouent un role important dans l'adaptation au changement climatique?' Le present document resume les conclusions et les discussions resultats de 48 communications et 27 posters acceptes dans le cadre de cette question. Ce tour d'horizon confirme le role de la gestion de l'irrigation et du drainage pour attenuer les impacts du changement climatique, et montre que les evenements climatiques extremes ont a etre pris en compte dans tous les processus de prise de decision. Il souligne egalement qu'une attention particuliere doit etre portee aux incertitudes de l'evaluation du changement climatique, et que cette evaluation devrait etre plus fiable avec le developpement de meilleures methodes d'analyse et une plus grande disponibilite de donnees climatiques fiables et de scenarios prospectifs. A ce stade, il est tres difficile de faire une evaluation integree de l'impact, qui couvre l'ensemble du processus agricole et hydrologique, a toutes les echelles et pour tous les aspects, de l'exploitation agricole au bassin hydrographique, du developpement vegetal aux systemes d'exploitation agricole, de la production a l'environnement, etc. Par consequent, chaque sous-processus est a evaluer, et la consolidation des resultats et de cas doit etre encouragee.",WOS:000374692600006
4417,False,20,"<a href=""https://www.webofscience.com/wos/woscc/full-record/WOS:000378876000003"" rel=""noopener noreferrer"" target=""_blank"">link</a>","Historically, Latin American social development has been diverse and heterogeneous. It depends on the use of natural resources (with greater or less added value and productive diversity), the influence of social movements, the role of political parties, the level of education, and the prevailing culture. Inequality and social exclusion are still prevalent in most Latin American countries. Poverty and environmental deterioration tend to be correlated. Therefore strategies for mitigation of and adaptation to climate change must consider measures for overcoming poverty and reducing inequality. El desarrollo social en America Latina es historicamente muy diverso y heterogeneo. Depende del uso de los recursos naturales con mayor o menor valor agregado y diversidad productiva , de la influencia de los movimientos sociales, del papel de los partidos politicos, del nivel educacional alcanzado y del tipo de cultura imperante en las diferentes sociedades. Aun persiste la desigualdad y altos indices de exclusion social en la mayoria de los paises latinoamericanos. Pobreza y deterioro del medio ambiente suelen correlacionarse. Los pobres por lo general viven en territorios degradados y vulnerables. Las estrategias de mitigacion y adaptacion al cambio climatico deben, en consecuencia, contemplar medidas de superacion de la pobreza y disminucion de los niveles de desigualdad social y ambiental.",WOS:000378876000003
4780,False,62,"<a href=""https://www.webofscience.com/wos/woscc/full-record/WOS:000789542600001"" rel=""noopener noreferrer"" target=""_blank"">link</a>","We combine farm accounting data with high-resolution meteorological data, and climate scenarios to estimate climate change impacts and adaptation potentials at the farm level. To do so, we adapt the seminal model of Moore and Lobell (2014) who applied panel data econometrics to data aggregated from the farm to the regional (subnational) level. We discuss and empirically investigate the advantages and challenges of applying such models to farm-level data, including issues of endogeneity of explanatory variables, heterogeneity of farm responses to weather shocks, measurement errors in meteorological variables, and aggregation bias. Empirical investigations into these issues reveal that endogeneity due to measurement errors in temperature and precipitation variables, as well as heterogeneous responses of farms toward climate change may be problematic. Moreover, depending on how data are aggregated, results differ substantially compared to farm-level analysis. Based on data from Austria and two climate scenarios (Effective Measures and High Emission) for 2040, we estimate that the profits of farms will decline, on average, by 4.4% (Effective Measures) and 10% (High Emission). Adaptation options help to considerably ameliorate the adverse situation under both scenarios. Our results reinforce the need for mitigation and adaptation to climate change.",WOS:000789542600001
4823,False,33,"<a href=""https://www.webofscience.com/wos/woscc/full-record/WOS:000378876000004"" rel=""noopener noreferrer"" target=""_blank"">link</a>",The long-standing lack of river basin management policies in Buenos Aires has impacted the development of strategies for facing climate change. This is a highly complex matter in a metropolis that has developed in a context of significant social and environmental inequality. An environmental justice perspective on the institutional changes in the wake of the Supreme Court's rulings in favor of citizens invoking the constitutional right to a healthy environment in the Matanza-Riachuelo Basin illustrates the challenges of environmental management in greater Buenos Aires and the obstacles and opportunities in the development of climate change adaptation policies in the medium term. El deficit historico en materia de politicas de gestion hidrica en Buenos Aires ha condicionado las estrategias de adaptacion al cambio climatico. Se trata de un asunto de alta complejidad en una metropolis que se ha desarrollado en presencia de fuertes desigualdades sociales y ambientales. Un enfoque de justicia ambiental centrado en los cambios institucionales a partir de la intervencion de la Corte Suprema de Justicia en favor de ciudadanos exigiendo su derecho constitucional a la recuperacion ambiental de la cuenca Matanza-Riachuelo identifica los desafios que enfrenta la gestion ambiental metropolitana y las oportunidades y barreras en materia de politicas de adaptacion al cambio climatico en el mediano plazo.,WOS:000378876000004
5281,False,68,"<a href=""https://www.webofscience.com/wos/woscc/full-record/WOS:000333992900009"" rel=""noopener noreferrer"" target=""_blank"">link</a>","According to dominant narratives about adaptation to climate change, those facing worst-case scenarios, without means at their disposal to adapt in situ, face an ineluctable set of adaptation strategies that ultimately includes the permanent abandonment of geographic spaces rendered uninhabitable and unproductive for human use. Yet environmental stress and adaptive capacity are distributed unevenly, and power structures play a role in fashioning them. It is argued here that when access to land and water are impacted by environmental stress, the structures that mediate their access are reinforced, even as the adaptive alternatives for smallholders are undermined. In this way, dominant resource regimes set up migration as the primary viable alternative for adaptation among a dwindling set of choices. This framework is applied to two early analogues of climate change impacts: flooded Garifuna villages of Honduras's North Coast and communities enduring glacier recession and shifting hydrologic regimes in Peru's Cordillera Blanca. In both cases, stress motivates new forms of migration that reinforce dominant power structures. In Honduras, migrants from wealthier social strata are moving on a more permanent basis, and in Peru, the once historical pattern of labor migration is becoming a practical necessity. These cases underscore the role of political economy in adaptation to climate change and adaptive migration in particular. ?????????????, ????????????????????, ??????????????, ????????????????????????????????????????????????????, ?????????????, ????????????, ???????????????????, ?????????????????, ?????????????????????????, ?????????????, ???????????????????????????????????????: ????????????????? (Garifuna) ??, ????????? (Cordillera Blanca) ????????????????????????, ???????????????????????????, ???????????????, ????????????????????, ??????????????????????????????????, ?????????, ??????? De acuerdo con las narrativas corrientes acerca de la adaptacion al cambio climatico, quienes se enfrentan a los escenarios de la peor clase, sin medios a su disposicion para adaptarse in situ, tienen que encarar un conjunto ineludible de estrategias de adaptacion que en ultimas incluyen el abandono permanente de espacios geograficos que se han vuelto inhabitables e improductivos para uso humano. Pero el estres ambiental y la capacidad adaptativa se distribuyen desigualmente, y las estructuras de poder juegan un papel importante en su formacion. Aqui se sostiene que cuando el acceso a la tierra y al agua es impactado por estres ambiental, las estructuras que intervienen en su acceso son reforzadas, aun a expensas de las alternativas adaptativas para los pequenos propietarios. De esa manera, los regimenes de recursos dominantes colocan a la migracion como la alternativa viable primaria de adaptacion entre un conjunto de opciones cada vez mas limitado. Este esquema se aplica a dos analogos tempranos impactados por el cambio climatico: aldeas garifunas afectadas por inundacion en la Costa Norte de Honduras y comunidades que padecen cambiantes regimenes hidrologicos en la Cordillera Blanca del Peru por la recesion de glaciares. En ambos casos el estres motiva nuevas formas de migracion que refuerzan las dominantes estructuras de poder. En Honduras, los migrantes de los estratos sociales pudientes se desplazan de una manera mas permanente, y en el Peru, el que en otros tiempos fuera un patron historico de migracion laboral se esta convirtiendo en una necesidad practica. Estos casos descubren el papel de la economia politica en la adaptacion al cambio climatico y sobre la migracion adaptativa en particular.",WOS:000333992900009
6997,False,20,"<a href=""https://www.webofscience.com/wos/woscc/full-record/WOS:000378876000002"" rel=""noopener noreferrer"" target=""_blank"">link</a>","A Latourian actor-network analysis of social narratives about climate change in the city of Concepcion and the strategies of collective adaptation to climate change deployed by two social groups shows a difference in people's relationships with nature. The discourses of climate change in the city view it as a backdrop about which not much can be done and hold more powerful others responsible for causing it and for dealing with it. In contrast, in the settlement of Aguita de la Perdiz and among the peasants of the agro-ecological movement in the Bio-Bio Region, climate change is not simply a backdrop but a threat to their quality of life and subsistence, an actant that brings agency to their socio-techno-natural networks, and they have developed measures to control its potential destructive effects. Un analisis actor-red latouriano de narrativas sociales sobre el cambio climatico en la ciudad de Concepcion y las estrategias de adaptacion colectiva al cambio climatico empleadas por dos grupos sociales muestran una diferencia en las relaciones de las personas con la naturaleza. Los discursos sobre el cambio climatico en la ciudad lo presentan como un trasfondo sobre el cual no se puede hacer mucho, y declaran responsables a otros mas poderosos por causarlo y por tratarlo. En contraste, en el asentamiento de Aguita de la Perdiz y entre los campesinos del movimiento agro-ecologico en la Region Bio-Bio, el cambio climatico no es simplemente un trasfondo sino una amenaza a su calidad de vida y subsistencia, un activador que otorga agencia a sus redes socio-tecno-naturales, y han elaborado medidas para controlar sus potenciales efectos destructivos.",WOS:000378876000002
7178,False,80,"<a href=""https://www.webofscience.com/wos/woscc/full-record/WOS:000885899800007"" rel=""noopener noreferrer"" target=""_blank"">link</a>",filippo.fraschini@cimafoundation.org,WOS:000885899800007
7406,False,33,"<a href=""https://www.webofscience.com/wos/woscc/full-record/WOS:000384714700010"" rel=""noopener noreferrer"" target=""_blank"">link</a>",,WOS:000384714700010
7580,False,29,"<a href=""https://www.webofscience.com/wos/woscc/full-record/WOS:000279864300008"" rel=""noopener noreferrer"" target=""_blank"">link</a>",,WOS:000279864300008
7690,False,9,"<a href=""https://www.webofscience.com/wos/woscc/full-record/WOS:000304262000042"" rel=""noopener noreferrer"" target=""_blank"">link</a>",,WOS:000304262000042
7691,False,2,"<a href=""https://www.webofscience.com/wos/woscc/full-record/WOS:000278957500021"" rel=""noopener noreferrer"" target=""_blank"">link</a>",,WOS:000278957500021
7698,False,22,"<a href=""https://www.webofscience.com/wos/woscc/full-record/WOS:000365590300015"" rel=""noopener noreferrer"" target=""_blank"">link</a>",,WOS:000365590300015
7769,False,0,"<a href=""https://www.webofscience.com/wos/woscc/full-record/WOS:000366112300005"" rel=""noopener noreferrer"" target=""_blank"">link</a>",,WOS:000366112300005
7776,False,6,"<a href=""https://www.webofscience.com/wos/woscc/full-record/WOS:000189377100008"" rel=""noopener noreferrer"" target=""_blank"">link</a>",,WOS:000189377100008
7790,False,13,"<a href=""https://www.webofscience.com/wos/woscc/full-record/WOS:000377053000007"" rel=""noopener noreferrer"" target=""_blank"">link</a>",,WOS:000377053000007
7812,False,19,"<a href=""https://www.webofscience.com/wos/woscc/full-record/WOS:000329947600005"" rel=""noopener noreferrer"" target=""_blank"">link</a>",,WOS:000329947600005
7848,False,13,"<a href=""https://www.webofscience.com/wos/woscc/full-record/WOS:000400079400001"" rel=""noopener noreferrer"" target=""_blank"">link</a>",,WOS:000400079400001
7890,False,5,"<a href=""https://www.webofscience.com/wos/woscc/full-record/WOS:000374692600002"" rel=""noopener noreferrer"" target=""_blank"">link</a>","Climate change adaptation is an important issue for water and food security but also to sustainable development in the future. How the weather and climate elements will change in the future under climate change conditions will determine the long-term sustainability of water supplies for food production in many areas. Therefore, it is critical to address the issue of climate variability and change on the impacts on water availability. This paper highlights the following topics: latest scientific understanding on climate change; efforts being made by World Meteorological Organization (WMO) through its network of National Hydrological and Meteorological Services in delivering science based services; establishment of the Global Framework for Climate Services (GFCS) which has been established by the WMO in collaboration with other international agencies to provide climate information and services; and need for broader collaboration and cooperation among different development sectors at global as well as regional and national levels. ICID and its members were urged to establish linkages at the global, regional and national levels to ensure that climate information and services reach their audiences for the betterment of humanity. It was stressed that the various ICID and WMO communities can make a difference by working together. Copyright (c) 2016 John Wiley & Sons, Ltd. Resume L'adaptation au changement climatique est une question importante pour l'eau et la securite alimentaire, mais aussi pour le developpement durable dans l'avenir. Les elements meteorologiques et climatiques vont impacter a long terme l'approvisionnement en eau pour la production alimentaire, et de nombreux autres domaines. Par consequent, il est essentiel d'aborder la question de l'impact du changement climatique sur la variabilite et la disponibilite de l'eau. Ce document met en evidence les themes suivants ; dernieres connaissances scientifiques sur le changement climatique ; efforts deployes par l'Organisation meteorologique mondiale (OMM) a travers son reseau de National de Services Hydrologiques et Meteorologiques dans la prestation de services scientifiques ; mise en place du cadre mondial pour les services climatologiques (CMSC), qui a ete etabli par l'OMM en collaboration avec d'autres organismes internationaux pour fournir des informations et des services climatologiques ; necessite d'une collaboration et de cooperation plus large entre les differents secteurs de developpement au niveau mondial ainsi que les niveaux regionaux et nationaux. La CIID et ses membres ont ete invites a etablir des liens aux niveaux mondial, regional et national pour assurer que l'information climatique et les services atteignent leur public pour le bien de l'humanite. Il a ete souligne que les diverses communautes de CIID et de l'OMM peuvent faire une difference en travaillant ensemble. Copyright (c) 2016 John Wiley & Sons, Ltd.",WOS:000374692600002
7899,False,97,"<a href=""https://www.webofscience.com/wos/woscc/full-record/WOS:000647695600014"" rel=""noopener noreferrer"" target=""_blank"">link</a>","We examine collective action in the food system of the Canadian Maritimes to determine its effect on the resilience and adaptive capacity of food producers, distributors, retailers and governance institutions. Our data suggest that beyond their immediate benefits for their participants, expressions of collective action generate higher-level impacts which often translate into drivers of adaptive capacity. Drawing on a metaphor from urban design, we suggest that collective action should be considered a desire line for food systems adaptation: rather than building adaptation strategies based on top-down design, collective action emerges from farmers' needs and capacities to build financial resilience, enhance human and social capital and strengthen institutional agency within the system. Resume Nous examinons l'action collective dans le systeme alimentaire des provinces maritimes du Canada afin de determiner son effet sur la resilience et la capacite adaptive des producteurs agricoles, des distributeurs, des vendeurs, et des institutions gouvernementales. Les donnees collectees suggerent que, mis a part ses benefices immediats pour les participants, l'action collective genere des impacts secondaires qui se traduisent souvent en elements conducteurs pour la capacite adaptive. Inspires par le design urbain, nous suggerons donc que l'action collective peut agir comme ligne du desir pour l'adaptation des systemes alimentaires. Plutot que de batir des strategies d'adaptation descendantes, l'action collective emerge des besoins des agriculteurs ainsi que de leurs capacites a etablir la resilience financiere, ameliorer le capital humain et social, et renforcer leurs capacites d'action et de decision parmi les institutions existantes. A free Plain Language Summary can be found within the Supporting Information of this article. A free Plain Language Summary can be found within the Supporting Information of this article.",WOS:000647695600014
7957,False,0,"<a href=""https://www.webofscience.com/wos/woscc/full-record/WOS:000744571200005"" rel=""noopener noreferrer"" target=""_blank"">link</a>",,WOS:000744571200005
8001,False,4,"<a href=""https://www.webofscience.com/wos/woscc/full-record/WOS:000832388500028"" rel=""noopener noreferrer"" target=""_blank"">link</a>",,WOS:000832388500028
8017,False,0,"<a href=""https://www.webofscience.com/wos/woscc/full-record/WOS:000411909300005"" rel=""noopener noreferrer"" target=""_blank"">link</a>",,WOS:000411909300005
8023,False,0,"<a href=""https://www.webofscience.com/wos/woscc/full-record/WOS:000277936900014"" rel=""noopener noreferrer"" target=""_blank"">link</a>",,WOS:000277936900014
8094,False,72,"<a href=""https://www.webofscience.com/wos/woscc/full-record/WOS:000806235200002"" rel=""noopener noreferrer"" target=""_blank"">link</a>",,WOS:000806235200002
8157,False,48,"<a href=""https://www.webofscience.com/wos/woscc/full-record/WOS:000293048700006"" rel=""noopener noreferrer"" target=""_blank"">link</a>",,WOS:000293048700006
8162,False,0,"<a href=""https://www.webofscience.com/wos/woscc/full-record/WOS:000443717000011"" rel=""noopener noreferrer"" target=""_blank"">link</a>",,WOS:000443717000011
8188,False,8,"<a href=""https://www.webofscience.com/wos/woscc/full-record/WOS:000327757500007"" rel=""noopener noreferrer"" target=""_blank"">link</a>",,WOS:000327757500007
8190,False,17,"<a href=""https://www.webofscience.com/wos/woscc/full-record/WOS:000189377100007"" rel=""noopener noreferrer"" target=""_blank"">link</a>",,WOS:000189377100007
8201,False,9,"<a href=""https://www.webofscience.com/wos/woscc/full-record/WOS:000715964800001"" rel=""noopener noreferrer"" target=""_blank"">link</a>",,WOS:000715964800001
8248,False,28,"<a href=""https://www.webofscience.com/wos/woscc/full-record/WOS:000292758000003"" rel=""noopener noreferrer"" target=""_blank"">link</a>",,WOS:000292758000003
8267,False,22,"<a href=""https://www.webofscience.com/wos/woscc/full-record/WOS:000398607300008"" rel=""noopener noreferrer"" target=""_blank"">link</a>",,WOS:000398607300008
8288,False,21,"<a href=""https://www.webofscience.com/wos/woscc/full-record/WOS:000584305600001"" rel=""noopener noreferrer"" target=""_blank"">link</a>",,WOS:000584305600001
8313,False,14,"<a href=""https://www.webofscience.com/wos/woscc/full-record/WOS:000314208300004"" rel=""noopener noreferrer"" target=""_blank"">link</a>",,WOS:000314208300004
8317,False,2,"<a href=""https://www.webofscience.com/wos/woscc/full-record/WOS:000367398100008"" rel=""noopener noreferrer"" target=""_blank"">link</a>",,WOS:000367398100008
8348,False,57,"<a href=""https://www.webofscience.com/wos/woscc/full-record/WOS:000540278400010"" rel=""noopener noreferrer"" target=""_blank"">link</a>",,WOS:000540278400010
8381,False,17,"<a href=""https://www.webofscience.com/wos/woscc/full-record/WOS:000189377100009"" rel=""noopener noreferrer"" target=""_blank"">link</a>",,WOS:000189377100009
8389,False,0,"<a href=""https://www.webofscience.com/wos/woscc/full-record/WOS:000288657300002"" rel=""noopener noreferrer"" target=""_blank"">link</a>",,WOS:000288657300002
8412,False,2,"<a href=""https://www.webofscience.com/wos/woscc/full-record/WOS:000349464600002"" rel=""noopener noreferrer"" target=""_blank"">link</a>",,WOS:000349464600002
8427,False,50,"<a href=""https://www.webofscience.com/wos/woscc/full-record/WOS:000265967100004"" rel=""noopener noreferrer"" target=""_blank"">link</a>",,WOS:000265967100004
8440,False,0,"<a href=""https://www.webofscience.com/wos/woscc/full-record/WOS:000272213200013"" rel=""noopener noreferrer"" target=""_blank"">link</a>",,WOS:000272213200013
8448,False,0,"<a href=""https://www.webofscience.com/wos/woscc/full-record/WOS:000288657300004"" rel=""noopener noreferrer"" target=""_blank"">link</a>",,WOS:000288657300004
8480,False,30,"<a href=""https://www.webofscience.com/wos/woscc/full-record/WOS:000371912500001"" rel=""noopener noreferrer"" target=""_blank"">link</a>",,WOS:000371912500001
8523,False,148,"<a href=""https://www.webofscience.com/wos/woscc/full-record/WOS:A1990ET70200003"" rel=""noopener noreferrer"" target=""_blank"">link</a>",,WOS:A1990ET70200003
8564,False,35,"<a href=""https://www.webofscience.com/wos/woscc/full-record/WOS:000669962400005"" rel=""noopener noreferrer"" target=""_blank"">link</a>",,WOS:000669962400005
8565,False,7,"<a href=""https://www.webofscience.com/wos/woscc/full-record/WOS:000357929400045"" rel=""noopener noreferrer"" target=""_blank"">link</a>",,WOS:000357929400045
8569,False,0,"<a href=""https://www.webofscience.com/wos/woscc/full-record/WOS:000288657300001"" rel=""noopener noreferrer"" target=""_blank"">link</a>",,WOS:000288657300001
8574,False,32,"<a href=""https://www.webofscience.com/wos/woscc/full-record/WOS:000289296500005"" rel=""noopener noreferrer"" target=""_blank"">link</a>",,WOS:000289296500005
8592,False,83,"<a href=""https://www.webofscience.com/wos/woscc/full-record/WOS:000311704000002"" rel=""noopener noreferrer"" target=""_blank"">link</a>",,WOS:000311704000002
8610,False,46,"<a href=""https://www.webofscience.com/wos/woscc/full-record/WOS:000374718000006"" rel=""noopener noreferrer"" target=""_blank"">link</a>",,WOS:000374718000006
8674,False,25,"<a href=""https://www.webofscience.com/wos/woscc/full-record/WOS:000713795200005"" rel=""noopener noreferrer"" target=""_blank"">link</a>",,WOS:000713795200005
8700,False,29,"<a href=""https://www.webofscience.com/wos/woscc/full-record/WOS:000329764700015"" rel=""noopener noreferrer"" target=""_blank"">link</a>",,WOS:000329764700015
8713,False,45,"<a href=""https://www.webofscience.com/wos/woscc/full-record/WOS:000440119600004"" rel=""noopener noreferrer"" target=""_blank"">link</a>",,WOS:000440119600004
8730,False,18,"<a href=""https://www.webofscience.com/wos/woscc/full-record/WOS:000261650900006"" rel=""noopener noreferrer"" target=""_blank"">link</a>",,WOS:000261650900006
8830,False,0,"<a href=""https://www.webofscience.com/wos/woscc/full-record/WOS:000337766500015"" rel=""noopener noreferrer"" target=""_blank"">link</a>",,WOS:000337766500015
8835,False,38,"<a href=""https://www.webofscience.com/wos/woscc/full-record/WOS:000220469900003"" rel=""noopener noreferrer"" target=""_blank"">link</a>",,WOS:000220469900003
8847,False,39,"<a href=""https://www.webofscience.com/wos/woscc/full-record/WOS:000269165300003"" rel=""noopener noreferrer"" target=""_blank"">link</a>",,WOS:000269165300003
8860,False,0,"<a href=""https://www.webofscience.com/wos/woscc/full-record/WOS:000301508900013"" rel=""noopener noreferrer"" target=""_blank"">link</a>",,WOS:000301508900013
9004,False,26,"<a href=""https://www.webofscience.com/wos/woscc/full-record/WOS:000493821400001"" rel=""noopener noreferrer"" target=""_blank"">link</a>",,WOS:000493821400001
9040,False,41,"<a href=""https://www.webofscience.com/wos/woscc/full-record/WOS:000540295100004"" rel=""noopener noreferrer"" target=""_blank"">link</a>",,WOS:000540295100004
9071,False,73,"<a href=""https://www.webofscience.com/wos/woscc/full-record/WOS:000436888700004"" rel=""noopener noreferrer"" target=""_blank"">link</a>",,WOS:000436888700004
9077,False,111,"<a href=""https://www.webofscience.com/wos/woscc/full-record/WOS:000434794200008"" rel=""noopener noreferrer"" target=""_blank"">link</a>",,WOS:000434794200008
9098,False,0,"<a href=""https://www.webofscience.com/wos/woscc/full-record/WOS:000288657300003"" rel=""noopener noreferrer"" target=""_blank"">link</a>",,WOS:000288657300003
9112,False,9,"<a href=""https://www.webofscience.com/wos/woscc/full-record/WOS:000375160500015"" rel=""noopener noreferrer"" target=""_blank"">link</a>",,WOS:000375160500015
9177,False,0,"<a href=""https://www.webofscience.com/wos/woscc/full-record/WOS:000301508900001"" rel=""noopener noreferrer"" target=""_blank"">link</a>",,WOS:000301508900001
9322,False,62,"<a href=""https://www.webofscience.com/wos/woscc/full-record/WOS:000418970300005"" rel=""noopener noreferrer"" target=""_blank"">link</a>",,WOS:000418970300005
9360,False,29,"<a href=""https://www.webofscience.com/wos/woscc/full-record/WOS:000885439600001"" rel=""noopener noreferrer"" target=""_blank"">link</a>",,WOS:000885439600001
9444,False,51,"<a href=""https://www.webofscience.com/wos/woscc/full-record/WOS:000444276700009"" rel=""noopener noreferrer"" target=""_blank"">link</a>",,WOS:000444276700009
9510,False,52,"<a href=""https://www.webofscience.com/wos/woscc/full-record/WOS:000319033200004"" rel=""noopener noreferrer"" target=""_blank"">link</a>",,WOS:000319033200004
9547,False,40,"<a href=""https://www.webofscience.com/wos/woscc/full-record/WOS:000334172300001"" rel=""noopener noreferrer"" target=""_blank"">link</a>",,WOS:000334172300001
9576,False,106,"<a href=""https://www.webofscience.com/wos/woscc/full-record/WOS:000541010200022"" rel=""noopener noreferrer"" target=""_blank"">link</a>",,WOS:000541010200022
9780,False,55,"<a href=""https://www.webofscience.com/wos/woscc/full-record/WOS:000386907500011"" rel=""noopener noreferrer"" target=""_blank"">link</a>",,WOS:000386907500011
9860,False,14,"<a href=""https://www.webofscience.com/wos/woscc/full-record/WOS:000260165900006"" rel=""noopener noreferrer"" target=""_blank"">link</a>",,WOS:000260165900006
10180,False,54,"<a href=""https://www.webofscience.com/wos/woscc/full-record/WOS:A1955XE36300002"" rel=""noopener noreferrer"" target=""_blank"">link</a>",,WOS:A1955XE36300002
10212,False,7,"<a href=""https://www.webofscience.com/wos/woscc/full-record/WOS:000301508900014"" rel=""noopener noreferrer"" target=""_blank"">link</a>",,WOS:000301508900014
10213,False,18,"<a href=""https://www.webofscience.com/wos/woscc/full-record/WOS:A1969D576200011"" rel=""noopener noreferrer"" target=""_blank"">link</a>",,WOS:A1969D576200011
10285,False,39,"<a href=""https://www.webofscience.com/wos/woscc/full-record/WOS:A1979GS65000008"" rel=""noopener noreferrer"" target=""_blank"">link</a>",,WOS:A1979GS65000008
10308,False,48,"<a href=""https://www.webofscience.com/wos/woscc/full-record/WOS:A1979HP79800008"" rel=""noopener noreferrer"" target=""_blank"">link</a>",,WOS:A1979HP79800008
10314,False,3,"<a href=""https://www.webofscience.com/wos/woscc/full-record/WOS:A1954UC64600001"" rel=""noopener noreferrer"" target=""_blank"">link</a>",,WOS:A1954UC64600001
10333,False,36,"<a href=""https://www.webofscience.com/wos/woscc/full-record/WOS:000564764400009"" rel=""noopener noreferrer"" target=""_blank"">link</a>",,WOS:000564764400009
10340,False,20,"<a href=""https://www.webofscience.com/wos/woscc/full-record/WOS:000304660500004"" rel=""noopener noreferrer"" target=""_blank"">link</a>",,WOS:000304660500004
10354,False,0,"<a href=""https://www.webofscience.com/wos/woscc/full-record/WOS:000335930600009"" rel=""noopener noreferrer"" target=""_blank"">link</a>",,WOS:000335930600009
10366,False,24,"<a href=""https://www.webofscience.com/wos/woscc/full-record/WOS:A1974U826200005"" rel=""noopener noreferrer"" target=""_blank"">link</a>",,WOS:A1974U826200005
10386,False,97,"<a href=""https://www.webofscience.com/wos/woscc/full-record/WOS:000440955700008"" rel=""noopener noreferrer"" target=""_blank"">link</a>",,WOS:000440955700008
10513,False,1,"<a href=""https://www.webofscience.com/wos/woscc/full-record/WOS:A1951YA38300007"" rel=""noopener noreferrer"" target=""_blank"">link</a>",,WOS:A1951YA38300007
10585,False,18,"<a href=""https://www.webofscience.com/wos/woscc/full-record/WOS:A1972O663400009"" rel=""noopener noreferrer"" target=""_blank"">link</a>",,WOS:A1972O663400009
10594,False,0,"<a href=""https://www.webofscience.com/wos/woscc/full-record/WOS:000455969300003"" rel=""noopener noreferrer"" target=""_blank"">link</a>",,WOS:000455969300003
10630,False,20,"<a href=""https://www.webofscience.com/wos/woscc/full-record/WOS:A1985ANQ4500020"" rel=""noopener noreferrer"" target=""_blank"">link</a>",,WOS:A1985ANQ4500020
10641,False,31,"<a href=""https://www.webofscience.com/wos/woscc/full-record/WOS:000222969300056"" rel=""noopener noreferrer"" target=""_blank"">link</a>",,WOS:000222969300056
10661,False,0,"<a href=""https://www.webofscience.com/wos/woscc/full-record/WOS:000455969200005"" rel=""noopener noreferrer"" target=""_blank"">link</a>",,WOS:000455969200005
10704,False,18,"<a href=""https://www.webofscience.com/wos/woscc/full-record/WOS:A1958WR63100006"" rel=""noopener noreferrer"" target=""_blank"">link</a>",,WOS:A1958WR63100006
10712,False,0,"<a href=""https://www.webofscience.com/wos/woscc/full-record/WOS:A1981MF74500001"" rel=""noopener noreferrer"" target=""_blank"">link</a>",,WOS:A1981MF74500001
10713,False,63,"<a href=""https://www.webofscience.com/wos/woscc/full-record/WOS:A1953XZ64500005"" rel=""noopener noreferrer"" target=""_blank"">link</a>",,WOS:A1953XZ64500005
10779,False,16,"<a href=""https://www.webofscience.com/wos/woscc/full-record/WOS:A1989AD88500011"" rel=""noopener noreferrer"" target=""_blank"">link</a>",,WOS:A1989AD88500011
10793,False,19,"<a href=""https://www.webofscience.com/wos/woscc/full-record/WOS:A1985AKN6700006"" rel=""noopener noreferrer"" target=""_blank"">link</a>",,WOS:A1985AKN6700006
10813,False,27,"<a href=""https://www.webofscience.com/wos/woscc/full-record/WOS:A1989AF23000003"" rel=""noopener noreferrer"" target=""_blank"">link</a>",,WOS:A1989AF23000003
10832,False,50,"<a href=""https://www.webofscience.com/wos/woscc/full-record/WOS:A19631202C00005"" rel=""noopener noreferrer"" target=""_blank"">link</a>",,WOS:A19631202C00005
10844,False,36,"<a href=""https://www.webofscience.com/wos/woscc/full-record/WOS:A1967A449000010"" rel=""noopener noreferrer"" target=""_blank"">link</a>",,WOS:A1967A449000010
10874,False,55,"<a href=""https://www.webofscience.com/wos/woscc/full-record/WOS:000577340500001"" rel=""noopener noreferrer"" target=""_blank"">link</a>","ReSUMe [Traduit par la redaction] La definition d'un climat de reference pour les precipitations est un element important dans l'elaboration de scenarios de changements climatiques sur lesquels s'appuieront les strategies d'adaptation a de tels changements. Cette reference est egalement importante pour de nombreuses applications en hydrologie et en gestion des eaux. Cependant, la reference est difficile a etablir dans des regions ou la couverture des stations meteorologiques est lacunaire, comme dans le nord du Canada ou dans les regions montagneuses. Les reanalyses semblent etre une option interessante pour y parvenir. Elles doivent toutefois etre validees et corrigees des biais avant de pouvoir etre utilisees. Dans cet article, deux methodes d'assimilation de donnees, l'interpolation optimale (IO) et l'interpolation optimale d'ensemble (IOE), ont servi a combiner quatre jeux de donnees de reanalyses avec observations afin d'ameliorer la representation de divers indices de precipitations au Canada. Au total, 986 stations meteorologiques ayant des releves de precipitations couvrant au moins 20 des 30 annees de la periode de reference (1980-2009) ont ete utilisees. Les valeurs annuelles de dix indices de precipitations ont ete estimees pour chaque jeu de donnees disponibles puis combinees (reanalyses plus observations) par IO et IOE. Enfin, une strategie de validation croisee a ete appliquee pour evaluer la performance de chacun des jeux de donnees en question. Selon les resultats, la combinaison de reanalyses et d'observations par IO ou IOE ameliore les estimations d'indices de precipitations des sites ou les precipitations ne sont pas enregistrees. Le jeu de donnees de l'IOE a surpasse l'IO appliquee a chaque reanalyse separement. Une evaluation du jeu de donnees d'observation interpolees aux points de grille de Ressources naturelles Canada montre qu'il doit etre utilise avec circonspection en ce qui a trait aux indices de precipitations extremes, car les valeurs annuelles de precipitations maximales en un jour peuvent etre sous-estimees et le nombre de jours de pluie par annee surestime. Defining a reference climate for precipitation is an important requirement in the development of climate change scenarios to support climate adaptation strategies. It is also important for many hydrological and water resource applications. This, however, remains a challenge in regions that are poorly covered by meteorological stations, such as northern Canada or mountainous regions. Reanalyses may represent an interesting option to define a reference climate in such regions. However, these need to be validated and corrected for bias before they can be used. In this paper, two data assimilation methods, Optimal Interpolation (OI) and Ensemble Optimal interpolation (EnOI), were used to combine four reanalysis datasets with observations in order to improve the representation of various precipitation indices across Canada. A total of 986 meteorological stations with minimally 20-year precipitation records over the 30-year reference period (1980-2009) were used. Annual values of ten Climate Precipitations Indices (CPIs) were estimated for each available dataset and were then combined (reanalysis plus observations) using OI and EnOI. A cross-validation strategy was finally applied to assess the relative performance of these datasets. Results suggest that combining reanalysis and observations through OI or EnOI improves CPI estimates at sites where no recorded precipitation is available. The EnOI dataset outperformed OI applied to each reanalysis independently. An evaluation of the gridded interpolated observational dataset from Natural Resources Canada showed it should be used with considerable caution for extreme CPIs because it can underestimate annual maximum 1-day precipitation, as well as overestimate the annual number of wet days.",WOS:000577340500001
10879,False,12,"<a href=""https://www.webofscience.com/wos/woscc/full-record/WOS:000342966500003"" rel=""noopener noreferrer"" target=""_blank"">link</a>",,WOS:000342966500003
10893,False,0,"<a href=""https://www.webofscience.com/wos/woscc/full-record/WOS:A1990CW34600003"" rel=""noopener noreferrer"" target=""_blank"">link</a>",,WOS:A1990CW34600003
10907,False,27,"<a href=""https://www.webofscience.com/wos/woscc/full-record/WOS:000382962200002"" rel=""noopener noreferrer"" target=""_blank"">link</a>",,WOS:000382962200002
10925,False,21,"<a href=""https://www.webofscience.com/wos/woscc/full-record/WOS:A1984SW29200004"" rel=""noopener noreferrer"" target=""_blank"">link</a>",,WOS:A1984SW29200004
10961,False,0,"<a href=""https://www.webofscience.com/wos/woscc/full-record/WOS:000426333400004"" rel=""noopener noreferrer"" target=""_blank"">link</a>",,WOS:000426333400004
10965,False,14,"<a href=""https://www.webofscience.com/wos/woscc/full-record/WOS:000582024700002"" rel=""noopener noreferrer"" target=""_blank"">link</a>",,WOS:000582024700002
11021,False,23,"<a href=""https://www.webofscience.com/wos/woscc/full-record/WOS:A1981ME71000005"" rel=""noopener noreferrer"" target=""_blank"">link</a>",,WOS:A1981ME71000005
11076,False,21,"<a href=""https://www.webofscience.com/wos/woscc/full-record/WOS:000261883200004"" rel=""noopener noreferrer"" target=""_blank"">link</a>",,WOS:000261883200004
11078,False,122,"<a href=""https://www.webofscience.com/wos/woscc/full-record/WOS:000657187100014"" rel=""noopener noreferrer"" target=""_blank"">link</a>","The concept of vulnerability as the combination of exposure, sensitivity and adaptive capacity to a stressor is gaining traction outside of the climate realm, opening new avenues to address contemporary sustainability issues more holistically. Yet, critical notions that underpin vulnerability have yet to be integrated into its application to natural resource management and non-climatic stressors. In particular, the way generic and stressor-specific facets of vulnerability interact and can inform decision-makers about how interventions combine and/or trade-off remains unexplored. Here, we investigate the salience of the generic/specific framing in the context of Chilean artisanal fishing communities engaged in rights-based co-management and experiencing pressures from two stressors: poaching and market volatility. Specifically, we draw on market data combined with socio-economic surveys conducted with 446 members and leaders from 42 fisher unions to quantitatively investigate potential trade-offs and synergies between facets of vulnerability to poaching and markets. Generic adaptive capacity (i.e. flexibility, assets, learning, organization and agency) likely facilitated stressor-specific adaptive capacities to both stressors. High levels of specific adaptive capacity to one stressor neither increased exposure nor undermined specific adaptive capacity to the other stressor. However, adaptive capacity did not translate into exposure reduction as expected, suggesting that adaptation barriers may prevent fishers from mobilizing adaptive capacity into effective adaptive action. This study illustrates how breaking down vulnerability into generic and specific facets can help us better anticipate important trade-offs and synergies in management interventions. More generally, it highlights the potential of the climate adaptation and vulnerability literatures in informing place-based management of natural resources. A free Plain Language Summary can be found within the Supporting Information of this article. Resumen El concepto de vulnerabilidad -visto como la combinacion entre exposicion, sensitividad y capacidad adaptativa- esta ganando importancia en nuevas esferas ademas del cambio climatico. Esto abre oportunidades para investigar problemas de sustentabilidad de manera mas holistica. Sin embargo, aun queda por integrar conceptos fundacionales de vulnerabilidad en aplicaciones relacionadas a manejo de recursos naturales y estresores no climaticos. Particularmente, no se ha explorado la forma en que facetas genericas de vulnerabilidad o aquellas especificas a un estresor interactuan entre si. En este estudio, investigamos la importancia de facetas genericas y/o especificas de vulnerabilidad en el contexto de organizaciones de pescadores artesanales en Chile que participan en un sistema de co-manejo. Se aborda la exposicion a dos estresores: robos (pesca illegal) y volatilidad de mercados. Especificamente, usamos datos sobre mercados combinados con encuestas socioeconomicas realizadas a 446 pescadores y dirigentes de 42 organizaciones de pescadores para explorar de manera cuantitativa potenciales trade-offs y sinergias entre componentes de vulnerabilidad a robos y a la vulnerabilidad del mercado. La capacidad adaptativa generica (ej. flexibilidad, bienes, aprendizaje, organizacion y agencia) parece haber facilitado la capacidad adaptativa especifica a cada estresor. Sin embargo, altos niveles de capacidad adaptativa especifica a un estresor no incrementan la exposicion ni afectan la capacidad adaptativa especifica al otro estresor. Contrario a las expectativas, mayor capacidad adaptativa no se manifiesta en una menor exposicion. Esto sugiere que existen posibles barreras evitando que pescadores movilicen su capacidad adaptativa hacia acciones concretas. Este estudio ilustra como la descomposicion de la vulnerabilidad en componentes genericos y especificos puede ayudarnos a anticipar sinergias y trade-offs que pueden ser claves en intervenciones de manejo. A modo general, esto remarca el potencial de utilizar aproximaciones basadas en adaptacion y vulnerabilidad climatica en informar el manejo local de recursos naturales. A free Plain Language Summary can be found within the Supporting Information of this article.",WOS:000657187100014
11124,False,0,"<a href=""https://www.webofscience.com/wos/woscc/full-record/WOS:A1984ABN4500008"" rel=""noopener noreferrer"" target=""_blank"">link</a>",,WOS:A1984ABN4500008
11157,False,17,"<a href=""https://www.webofscience.com/wos/woscc/full-record/WOS:000253660700004"" rel=""noopener noreferrer"" target=""_blank"">link</a>",,WOS:000253660700004
11180,False,25,"<a href=""https://www.webofscience.com/wos/woscc/full-record/WOS:000209230100003"" rel=""noopener noreferrer"" target=""_blank"">link</a>",,WOS:000209230100003
11193,False,10,"<a href=""https://www.webofscience.com/wos/woscc/full-record/WOS:A1973P627300001"" rel=""noopener noreferrer"" target=""_blank"">link</a>",,WOS:A1973P627300001
11208,False,14,"<a href=""https://www.webofscience.com/wos/woscc/full-record/WOS:A1985C160400003"" rel=""noopener noreferrer"" target=""_blank"">link</a>",,WOS:A1985C160400003
11229,False,11,"<a href=""https://www.webofscience.com/wos/woscc/full-record/WOS:A1983QL73100004"" rel=""noopener noreferrer"" target=""_blank"">link</a>",,WOS:A1983QL73100004
11237,False,13,"<a href=""https://www.webofscience.com/wos/woscc/full-record/WOS:A1983SA80700013"" rel=""noopener noreferrer"" target=""_blank"">link</a>",,WOS:A1983SA80700013
11322,False,61,"<a href=""https://www.webofscience.com/wos/woscc/full-record/WOS:A1989AA71400008"" rel=""noopener noreferrer"" target=""_blank"">link</a>",,WOS:A1989AA71400008
11353,False,2,"<a href=""https://www.webofscience.com/wos/woscc/full-record/WOS:000640087700004"" rel=""noopener noreferrer"" target=""_blank"">link</a>",,WOS:000640087700004
11392,False,4,"<a href=""https://www.webofscience.com/wos/woscc/full-record/WOS:000853274400001"" rel=""noopener noreferrer"" target=""_blank"">link</a>",,WOS:000853274400001
11476,False,24,"<a href=""https://www.webofscience.com/wos/woscc/full-record/WOS:000790531200001"" rel=""noopener noreferrer"" target=""_blank"">link</a>",,WOS:000790531200001
11555,False,29,"<a href=""https://www.webofscience.com/wos/woscc/full-record/WOS:000344057300001"" rel=""noopener noreferrer"" target=""_blank"">link</a>",,WOS:000344057300001
11567,False,20,"<a href=""https://www.webofscience.com/wos/woscc/full-record/WOS:000352049100006"" rel=""noopener noreferrer"" target=""_blank"">link</a>",,WOS:000352049100006
11712,False,13,"<a href=""https://www.webofscience.com/wos/woscc/full-record/WOS:000348024600001"" rel=""noopener noreferrer"" target=""_blank"">link</a>",,WOS:000348024600001
11785,False,51,"<a href=""https://www.webofscience.com/wos/woscc/full-record/WOS:000290181100006"" rel=""noopener noreferrer"" target=""_blank"">link</a>",,WOS:000290181100006
